"Date","Temp","Humidity","Remark"
2023/06/20 02:22:22,"28.81℃","62.44%",""
2023/06/20 02:32:22,"28.81℃","63.56%",""
2023/06/20 02:42:22,"28.81℃","63.88%",""
2023/06/20 02:52:22,"28.81℃","64.12%",""
2023/06/20 03:02:22,"28.81℃","65.25%",""
2023/06/20 03:12:22,"28.81℃","66.12%",""
2023/06/20 03:22:22,"28.81℃","66.44%",""
2023/06/20 03:32:22,"28.75℃","66.81%",""
2023/06/20 03:42:22,"28.75℃","67.19%",""
2023/06/20 03:52:22,"28.75℃","68.56%",""
2023/06/20 04:02:22,"28.75℃","68.81%",""
2023/06/20 04:12:22,"28.75℃","68.56%",""
2023/06/20 04:22:22,"28.75℃","69.06%",""
2023/06/20 04:32:22,"28.75℃","69.88%",""
2023/06/20 04:42:22,"28.69℃","69.94%",""
2023/06/20 04:52:22,"28.69℃","70.31%",""
2023/06/20 05:02:22,"28.69℃","70.88%",""
2023/06/20 05:12:22,"28.69℃","71.00%",""
2023/06/20 05:22:22,"28.69℃","71.31%",""
2023/06/20 05:32:22,"28.63℃","71.50%",""
2023/06/20 05:42:22,"28.63℃","71.69%",""
2023/06/20 05:52:22,"28.63℃","71.94%",""
2023/06/20 06:02:22,"28.56℃","72.00%",""
2023/06/20 06:12:22,"28.56℃","72.31%",""
2023/06/20 06:22:22,"28.56℃","72.56%",""
2023/06/20 06:32:22,"28.56℃","72.62%",""
2023/06/20 06:42:22,"28.56℃","72.69%",""
2023/06/20 06:52:22,"28.50℃","72.81%",""
2023/06/20 07:02:22,"28.50℃","73.12%",""
2023/06/20 07:12:22,"28.50℃","73.19%",""
2023/06/20 07:22:22,"28.50℃","73.25%",""
2023/06/20 07:32:22,"28.50℃","73.38%",""
2023/06/20 07:42:22,"28.50℃","73.62%",""
2023/06/20 07:52:22,"28.50℃","73.62%",""
2023/06/20 08:02:22,"28.50℃","73.12%",""
2023/06/20 08:12:22,"28.50℃","73.75%",""
2023/06/20 08:22:22,"28.56℃","75.12%",""
2023/06/20 08:32:22,"28.63℃","75.88%",""
2023/06/20 08:42:22,"28.75℃","77.50%",""
2023/06/20 08:52:22,"28.75℃","77.81%",""
2023/06/20 09:02:22,"28.81℃","77.44%",""
2023/06/20 09:12:22,"28.88℃","75.81%",""
2023/06/20 09:22:22,"28.94℃","78.81%",""
2023/06/20 09:32:22,"28.94℃","78.75%",""
2023/06/20 09:42:22,"29.00℃","76.62%",""
2023/06/20 09:52:22,"29.00℃","74.75%",""
2023/06/20 10:02:22,"29.06℃","74.75%",""
2023/06/20 10:12:22,"29.00℃","76.25%",""
2023/06/20 10:22:22,"29.00℃","76.31%",""
2023/06/20 10:32:22,"29.00℃","76.81%",""
2023/06/20 10:42:22,"29.00℃","77.19%",""
2023/06/20 10:52:22,"29.06℃","77.38%",""
2023/06/20 11:02:22,"29.00℃","72.12%",""
2023/06/20 11:12:22,"28.75℃","69.00%",""
2023/06/20 11:22:22,"28.50℃","69.00%",""
2023/06/20 11:32:22,"28.44℃","69.12%",""
2023/06/20 11:42:22,"28.38℃","67.81%",""
2023/06/20 11:52:22,"28.31℃","67.75%",""
2023/06/20 12:02:22,"28.25℃","68.12%",""
2023/06/20 12:12:22,"28.25℃","68.50%",""
2023/06/20 12:22:22,"28.38℃","69.00%",""
2023/06/20 12:32:22,"28.50℃","71.94%",""
2023/06/20 12:42:22,"28.88℃","75.12%",""
2023/06/20 12:52:22,"29.06℃","75.50%",""
2023/06/20 13:02:22,"29.19℃","78.25%",""
2023/06/20 13:12:22,"29.31℃","75.06%",""
2023/06/20 13:22:22,"29.44℃","74.69%",""
2023/06/20 13:32:22,"29.56℃","74.50%",""
2023/06/20 13:42:22,"29.69℃","74.62%",""
2023/06/20 13:52:22,"29.75℃","74.88%",""
2023/06/20 14:02:22,"29.81℃","74.75%",""
2023/06/20 14:12:22,"29.88℃","74.25%",""
2023/06/20 14:22:22,"29.94℃","74.44%",""
2023/06/20 14:32:22,"30.00℃","73.94%",""
2023/06/20 14:42:22,"30.13℃","73.44%",""
2023/06/20 14:52:22,"30.19℃","73.38%",""
2023/06/20 15:02:22,"30.19℃","73.25%",""
2023/06/20 15:12:22,"30.19℃","73.44%",""
2023/06/20 15:22:22,"30.13℃","73.50%",""
2023/06/20 15:32:22,"30.19℃","73.94%",""
2023/06/20 15:42:22,"30.25℃","74.31%",""
2023/06/20 15:52:22,"30.38℃","74.31%",""
2023/06/20 16:02:22,"30.50℃","74.19%",""
2023/06/20 16:12:22,"30.56℃","74.31%",""
2023/06/20 16:22:22,"30.63℃","74.62%",""
2023/06/20 16:32:22,"30.63℃","74.19%",""
2023/06/20 16:42:22,"30.63℃","73.75%",""
2023/06/20 16:52:22,"30.44℃","73.75%",""
2023/06/20 17:02:22,"30.38℃","74.00%",""
2023/06/20 17:12:22,"30.31℃","74.12%",""
2023/06/20 17:22:22,"30.31℃","73.88%",""
2023/06/20 17:32:22,"30.25℃","73.81%",""
2023/06/20 17:42:22,"30.19℃","74.00%",""
2023/06/20 17:52:22,"30.06℃","74.31%",""
2023/06/20 18:02:22,"30.00℃","74.62%",""
2023/06/20 18:12:22,"29.94℃","74.94%",""
2023/06/20 18:22:22,"29.94℃","75.25%",""
2023/06/20 18:32:22,"29.88℃","75.44%",""
2023/06/20 18:42:22,"29.88℃","75.75%",""
2023/06/20 18:52:22,"29.88℃","75.88%",""
2023/06/20 19:02:22,"29.81℃","76.06%",""
2023/06/20 19:12:22,"29.81℃","76.19%",""
2023/06/20 19:22:22,"29.81℃","76.25%",""
2023/06/20 19:32:22,"29.75℃","76.38%",""
2023/06/20 19:42:22,"29.75℃","76.50%",""
2023/06/20 19:52:22,"29.75℃","76.56%",""
2023/06/20 20:02:22,"29.75℃","76.56%",""
2023/06/20 20:12:22,"29.75℃","76.69%",""
2023/06/20 20:22:22,"29.69℃","76.69%",""
2023/06/20 20:32:22,"29.69℃","76.75%",""
2023/06/20 20:42:22,"29.69℃","76.81%",""
2023/06/20 20:52:22,"29.69℃","76.94%",""
2023/06/20 21:02:22,"29.63℃","77.06%",""
2023/06/20 21:12:22,"29.63℃","77.12%",""
2023/06/20 21:22:22,"29.63℃","77.25%",""
2023/06/20 21:32:22,"29.56℃","77.19%",""
2023/06/20 21:42:22,"29.56℃","77.25%",""
2023/06/20 21:52:22,"29.56℃","77.19%",""
2023/06/20 22:02:22,"29.56℃","77.19%",""
2023/06/20 22:12:22,"29.56℃","77.38%",""
2023/06/20 22:22:22,"29.63℃","77.62%",""
2023/06/20 22:32:22,"29.63℃","77.75%",""
2023/06/20 22:42:22,"29.63℃","76.56%",""
2023/06/20 22:52:22,"29.56℃","76.56%",""
2023/06/20 23:02:22,"29.50℃","73.38%",""
2023/06/20 23:12:22,"29.56℃","74.50%",""
2023/06/20 23:22:22,"29.56℃","75.38%",""
2023/06/20 23:32:22,"29.56℃","76.50%",""
2023/06/20 23:42:22,"29.56℃","76.81%",""
2023/06/20 23:52:22,"29.56℃","76.69%",""
2023/06/21 00:02:22,"29.50℃","75.56%",""
2023/06/21 00:12:22,"29.50℃","75.06%",""
2023/06/21 00:22:22,"29.44℃","74.38%",""
2023/06/21 00:32:22,"29.44℃","75.62%",""
2023/06/21 00:42:22,"29.44℃","75.88%",""
2023/06/21 00:52:22,"29.44℃","74.94%",""
2023/06/21 01:02:22,"29.38℃","75.06%",""
2023/06/21 01:12:22,"29.38℃","74.31%",""
2023/06/21 01:22:22,"29.38℃","75.44%",""
2023/06/21 01:32:22,"29.31℃","75.44%",""
2023/06/21 01:42:22,"29.31℃","75.44%",""
2023/06/21 01:52:22,"29.31℃","74.12%",""
2023/06/21 02:02:22,"29.25℃","76.06%",""
2023/06/21 02:12:22,"29.25℃","76.38%",""
2023/06/21 02:22:22,"29.25℃","76.44%",""
2023/06/21 02:32:22,"29.19℃","76.44%",""
2023/06/21 02:42:22,"29.19℃","76.38%",""
2023/06/21 02:52:22,"29.19℃","76.38%",""
2023/06/21 03:02:22,"29.13℃","76.31%",""
2023/06/21 03:12:22,"29.13℃","76.19%",""
2023/06/21 03:22:22,"29.13℃","76.06%",""
2023/06/21 03:32:22,"29.06℃","75.62%",""
2023/06/21 03:42:22,"29.06℃","75.44%",""
2023/06/21 03:52:22,"29.06℃","75.38%",""
2023/06/21 04:02:22,"29.00℃","75.31%",""
2023/06/21 04:12:22,"29.00℃","75.25%",""
2023/06/21 04:22:22,"28.94℃","75.12%",""
2023/06/21 04:32:22,"28.94℃","75.06%",""
2023/06/21 04:42:22,"28.94℃","75.06%",""
2023/06/21 04:52:22,"28.88℃","75.00%",""
2023/06/21 05:02:22,"28.88℃","74.88%",""
2023/06/21 05:12:22,"28.88℃","74.88%",""
2023/06/21 05:22:22,"28.88℃","74.88%",""
2023/06/21 05:32:22,"28.81℃","74.81%",""
2023/06/21 05:42:22,"28.81℃","74.75%",""
2023/06/21 05:52:22,"28.81℃","74.81%",""
2023/06/21 06:02:22,"28.75℃","74.81%",""
2023/06/21 06:12:22,"28.75℃","74.88%",""
2023/06/21 06:22:22,"28.75℃","74.81%",""
2023/06/21 06:32:22,"28.75℃","74.88%",""
2023/06/21 06:42:22,"28.69℃","74.88%",""
2023/06/21 06:52:22,"28.69℃","74.88%",""
2023/06/21 07:02:22,"28.69℃","74.88%",""
2023/06/21 07:12:22,"28.63℃","74.88%",""
2023/06/21 07:22:22,"28.63℃","74.88%",""
2023/06/21 07:32:22,"28.63℃","74.75%",""
2023/06/21 07:42:22,"28.63℃","74.81%",""
2023/06/21 07:52:22,"28.63℃","74.81%",""
2023/06/21 08:02:22,"28.63℃","74.81%",""
2023/06/21 08:12:22,"28.63℃","74.75%",""
2023/06/21 08:22:22,"28.69℃","74.75%",""
2023/06/21 08:32:22,"28.69℃","74.81%",""
2023/06/21 08:42:22,"28.69℃","75.06%",""
2023/06/21 08:52:22,"28.75℃","75.25%",""
2023/06/21 09:02:22,"28.75℃","75.44%",""
2023/06/21 09:12:22,"28.75℃","75.38%",""
2023/06/21 09:22:22,"28.63℃","68.69%",""
2023/06/21 09:32:22,"28.63℃","67.44%",""
2023/06/21 09:42:22,"28.56℃","66.31%",""
2023/06/21 09:52:22,"28.63℃","70.38%",""
2023/06/21 10:02:22,"28.69℃","72.06%",""
2023/06/21 10:12:22,"28.75℃","72.81%",""
2023/06/21 10:22:22,"28.81℃","73.38%",""
2023/06/21 10:32:22,"28.81℃","73.56%",""
2023/06/21 10:42:22,"28.88℃","73.75%",""
2023/06/21 10:52:22,"28.94℃","74.19%",""
2023/06/21 11:02:22,"29.00℃","74.25%",""
2023/06/21 11:12:22,"29.13℃","74.12%",""
2023/06/21 11:22:22,"29.25℃","73.75%",""
2023/06/21 11:32:22,"29.31℃","73.69%",""
2023/06/21 11:42:22,"29.38℃","73.69%",""
2023/06/21 11:52:22,"29.44℃","73.38%",""
2023/06/21 12:02:22,"29.44℃","73.38%",""
2023/06/21 12:12:22,"29.50℃","73.44%",""
2023/06/21 12:22:22,"29.50℃","73.38%",""
2023/06/21 12:32:22,"29.56℃","72.69%",""
2023/06/21 12:42:22,"29.63℃","72.44%",""
2023/06/21 12:52:22,"29.69℃","72.50%",""
2023/06/21 13:02:22,"29.75℃","72.44%",""
2023/06/21 13:12:22,"29.81℃","72.31%",""
2023/06/21 13:22:22,"29.88℃","72.56%",""
2023/06/21 13:32:22,"29.94℃","73.19%",""
2023/06/21 13:42:22,"29.94℃","73.31%",""
2023/06/21 13:52:22,"29.94℃","73.50%",""
2023/06/21 14:02:22,"29.94℃","73.38%",""
2023/06/21 14:12:22,"30.00℃","72.75%",""
2023/06/21 14:22:22,"30.06℃","72.19%",""
2023/06/21 14:32:22,"30.13℃","71.50%",""
2023/06/21 14:42:22,"30.19℃","71.38%",""
2023/06/21 14:52:22,"30.31℃","71.62%",""
2023/06/21 15:02:22,"30.38℃","71.69%",""
2023/06/21 15:12:22,"30.50℃","71.50%",""
2023/06/21 15:22:22,"30.56℃","71.25%",""
2023/06/21 15:32:22,"30.63℃","70.94%",""
2023/06/21 15:42:22,"30.69℃","70.69%",""
2023/06/21 15:52:22,"30.75℃","69.94%",""
2023/06/21 16:02:22,"30.88℃","69.81%",""
2023/06/21 16:12:22,"31.00℃","69.44%",""
2023/06/21 16:22:22,"31.00℃","69.06%",""
2023/06/21 16:32:22,"31.13℃","68.75%",""
2023/06/21 16:42:22,"31.13℃","68.44%",""
2023/06/21 16:52:22,"31.19℃","68.44%",""
2023/06/21 17:02:22,"31.25℃","68.19%",""
2023/06/21 17:12:22,"31.25℃","68.75%",""
2023/06/21 17:22:22,"31.25℃","68.12%",""
2023/06/21 17:32:22,"31.19℃","68.06%",""
2023/06/21 17:42:22,"31.06℃","68.25%",""
2023/06/21 17:52:22,"30.94℃","68.50%",""
2023/06/21 18:02:22,"30.81℃","68.69%",""
2023/06/21 18:12:22,"30.75℃","68.62%",""
2023/06/21 18:22:22,"30.63℃","68.69%",""
2023/06/21 18:32:22,"30.56℃","68.69%",""
2023/06/21 18:42:22,"30.50℃","68.88%",""
2023/06/21 18:52:22,"30.50℃","69.00%",""
2023/06/21 19:02:22,"30.44℃","69.19%",""
2023/06/21 19:12:22,"30.38℃","69.38%",""
2023/06/21 19:22:22,"30.31℃","69.56%",""
2023/06/21 19:32:22,"30.31℃","69.75%",""
2023/06/21 19:42:22,"30.25℃","69.81%",""
2023/06/21 19:52:22,"30.19℃","70.00%",""
2023/06/21 20:02:22,"30.19℃","70.25%",""
2023/06/21 20:12:22,"30.13℃","70.38%",""
2023/06/21 20:22:22,"30.13℃","70.56%",""
2023/06/21 20:32:22,"30.13℃","70.69%",""
2023/06/21 20:42:22,"30.13℃","71.06%",""
2023/06/21 20:52:22,"30.13℃","71.44%",""
2023/06/21 21:02:22,"30.06℃","71.81%",""
2023/06/21 21:12:22,"30.06℃","72.06%",""
2023/06/21 21:22:22,"30.06℃","72.19%",""
2023/06/21 21:32:22,"30.06℃","72.44%",""
2023/06/21 21:42:22,"30.06℃","72.75%",""
2023/06/21 21:52:22,"30.06℃","73.25%",""
2023/06/21 22:02:22,"30.06℃","73.62%",""
2023/06/21 22:12:22,"30.06℃","73.94%",""
2023/06/21 22:22:22,"30.00℃","74.19%",""
2023/06/21 22:32:22,"30.00℃","74.25%",""
2023/06/21 22:42:22,"30.00℃","74.38%",""
2023/06/21 22:52:22,"30.00℃","74.50%",""
2023/06/21 23:02:22,"30.00℃","74.56%",""
2023/06/21 23:12:22,"29.94℃","72.44%",""
2023/06/21 23:22:22,"29.94℃","72.88%",""
2023/06/21 23:32:22,"29.94℃","73.88%",""
2023/06/21 23:42:22,"29.94℃","74.69%",""
2023/06/21 23:52:22,"29.94℃","74.94%",""
2023/06/22 00:02:22,"29.88℃","74.38%",""
2023/06/22 00:12:22,"29.88℃","74.44%",""
2023/06/22 00:22:22,"29.88℃","75.19%",""
2023/06/22 00:32:22,"29.81℃","74.88%",""
2023/06/22 00:42:22,"29.81℃","75.00%",""
2023/06/22 00:52:22,"29.75℃","74.94%",""
2023/06/22 01:02:22,"29.75℃","74.88%",""
2023/06/22 01:12:22,"29.75℃","74.69%",""
2023/06/22 01:22:22,"29.69℃","74.56%",""
2023/06/22 01:32:22,"29.69℃","74.31%",""
2023/06/22 01:42:22,"29.63℃","74.06%",""
2023/06/22 01:52:22,"29.56℃","74.25%",""
2023/06/22 02:02:22,"29.56℃","74.19%",""
2023/06/22 02:12:22,"29.56℃","73.88%",""
2023/06/22 02:22:22,"29.50℃","73.31%",""
2023/06/22 02:32:22,"29.50℃","74.31%",""
2023/06/22 02:42:22,"29.44℃","74.94%",""
2023/06/22 02:52:22,"29.44℃","75.00%",""
2023/06/22 03:02:22,"29.44℃","75.00%",""
2023/06/22 03:12:22,"29.38℃","74.94%",""
2023/06/22 03:22:22,"29.38℃","74.69%",""
2023/06/22 03:32:22,"29.31℃","74.88%",""
2023/06/22 03:42:22,"29.31℃","74.81%",""
2023/06/22 03:52:22,"29.31℃","74.81%",""
2023/06/22 04:02:22,"29.25℃","74.88%",""
2023/06/22 04:12:22,"29.25℃","74.75%",""
2023/06/22 04:22:22,"29.19℃","74.75%",""
2023/06/22 04:32:22,"29.19℃","74.88%",""
2023/06/22 04:42:22,"29.19℃","75.06%",""
2023/06/22 04:52:22,"29.13℃","75.19%",""
2023/06/22 05:02:22,"29.13℃","75.19%",""
2023/06/22 05:12:22,"29.06℃","75.00%",""
2023/06/22 05:22:22,"29.06℃","75.00%",""
2023/06/22 05:32:22,"29.00℃","75.06%",""
2023/06/22 05:42:22,"29.00℃","75.06%",""
2023/06/22 05:52:22,"28.94℃","75.12%",""
2023/06/22 06:02:22,"28.94℃","75.19%",""
2023/06/22 06:12:22,"28.94℃","75.19%",""
2023/06/22 06:22:22,"28.88℃","75.12%",""
2023/06/22 06:32:22,"28.88℃","75.12%",""
2023/06/22 06:42:22,"28.88℃","75.12%",""
2023/06/22 06:52:22,"28.81℃","75.12%",""
2023/06/22 07:02:22,"28.63℃","68.81%",""
2023/06/22 07:12:22,"28.56℃","64.44%",""
2023/06/22 07:22:22,"28.50℃","65.38%",""
2023/06/22 07:32:22,"28.56℃","66.19%",""
2023/06/22 07:42:22,"28.56℃","65.19%",""
2023/06/22 07:52:22,"28.56℃","64.25%",""
2023/06/22 08:02:22,"28.56℃","67.75%",""
2023/06/22 08:12:22,"28.63℃","68.81%",""
2023/06/22 08:22:22,"28.63℃","68.69%",""
2023/06/22 08:32:22,"28.56℃","67.69%",""
2023/06/22 08:42:22,"28.56℃","66.25%",""
2023/06/22 08:52:22,"28.56℃","64.50%",""
2023/06/22 09:02:22,"28.56℃","65.12%",""
2023/06/22 09:12:22,"28.56℃","66.44%",""
2023/06/22 09:22:22,"28.56℃","66.19%",""
2023/06/22 09:32:22,"28.56℃","65.69%",""
2023/06/22 09:42:22,"28.56℃","65.75%",""
2023/06/22 09:52:22,"28.63℃","66.00%",""
2023/06/22 10:02:22,"28.63℃","66.19%",""
2023/06/22 10:12:22,"28.69℃","66.25%",""
2023/06/22 10:22:22,"28.75℃","66.56%",""
2023/06/22 10:32:22,"28.75℃","66.81%",""
2023/06/22 10:42:22,"28.75℃","67.00%",""
2023/06/22 10:52:22,"28.75℃","63.81%",""
2023/06/22 11:02:22,"28.75℃","65.06%",""
2023/06/22 11:12:22,"28.81℃","66.31%",""
2023/06/22 11:22:22,"28.88℃","67.31%",""
2023/06/22 11:32:22,"29.00℃","69.38%",""
2023/06/22 11:42:22,"29.06℃","70.12%",""
2023/06/22 11:52:22,"29.13℃","70.88%",""
2023/06/22 12:02:22,"29.19℃","70.75%",""
2023/06/22 12:12:22,"29.25℃","70.88%",""
2023/06/22 12:22:22,"29.38℃","71.62%",""
2023/06/22 12:32:22,"29.38℃","72.25%",""
2023/06/22 12:42:22,"29.44℃","72.38%",""
2023/06/22 12:52:22,"29.44℃","72.56%",""
2023/06/22 13:02:22,"29.50℃","72.38%",""
2023/06/22 13:12:22,"29.56℃","72.44%",""
2023/06/22 13:22:22,"29.63℃","72.19%",""
2023/06/22 13:32:22,"29.63℃","72.00%",""
2023/06/22 13:42:22,"29.69℃","71.81%",""
2023/06/22 13:52:22,"29.75℃","71.50%",""
2023/06/22 14:02:22,"29.81℃","71.06%",""
2023/06/22 14:12:22,"29.81℃","70.56%",""
2023/06/22 14:22:22,"29.81℃","70.69%",""
2023/06/22 14:32:22,"29.81℃","70.94%",""
2023/06/22 14:42:22,"29.81℃","71.12%",""
2023/06/22 14:52:22,"29.81℃","71.31%",""
2023/06/22 15:02:22,"29.81℃","71.56%",""
2023/06/22 15:12:22,"29.69℃","67.69%",""
2023/06/22 15:22:22,"29.63℃","70.00%",""
2023/06/22 15:32:22,"29.75℃","72.25%",""
2023/06/22 15:42:22,"29.81℃","72.88%",""
2023/06/22 15:52:22,"29.88℃","72.81%",""
2023/06/22 16:02:22,"29.94℃","73.44%",""
2023/06/22 16:12:22,"30.00℃","73.81%",""
2023/06/22 16:22:22,"30.06℃","74.00%",""
2023/06/22 16:32:22,"30.19℃","73.44%",""
2023/06/22 16:42:22,"30.25℃","72.00%",""
2023/06/22 16:52:22,"30.19℃","66.06%",""
2023/06/22 17:02:22,"30.00℃","63.06%",""
2023/06/22 17:12:22,"29.81℃","61.19%",""
2023/06/22 17:22:22,"29.63℃","60.50%",""
2023/06/22 17:32:22,"29.56℃","60.50%",""
2023/06/22 17:42:22,"29.81℃","66.50%",""
2023/06/22 17:52:22,"30.06℃","68.25%",""
2023/06/22 18:02:22,"30.19℃","68.38%",""
2023/06/22 18:12:22,"30.25℃","68.62%",""
2023/06/22 18:22:22,"30.25℃","68.62%",""
2023/06/22 18:32:22,"30.19℃","69.00%",""
2023/06/22 18:42:22,"30.19℃","69.38%",""
2023/06/22 18:52:22,"30.13℃","69.56%",""
2023/06/22 19:02:22,"30.13℃","69.69%",""
2023/06/22 19:12:22,"30.06℃","69.81%",""
2023/06/22 19:22:22,"30.06℃","70.06%",""
2023/06/22 19:32:22,"30.06℃","70.31%",""
2023/06/22 19:42:22,"30.00℃","70.56%",""
2023/06/22 19:52:22,"30.00℃","70.88%",""
2023/06/22 20:02:22,"29.94℃","71.31%",""
2023/06/22 20:12:22,"29.94℃","71.75%",""
2023/06/22 20:22:22,"29.94℃","72.06%",""
2023/06/22 20:32:22,"29.94℃","72.12%",""
2023/06/22 20:42:22,"29.94℃","72.38%",""
2023/06/22 20:52:22,"29.94℃","72.69%",""
2023/06/22 21:02:22,"29.88℃","72.94%",""
2023/06/22 21:12:22,"29.94℃","73.19%",""
2023/06/22 21:22:22,"29.88℃","73.25%",""
2023/06/22 21:32:22,"29.88℃","73.44%",""
2023/06/22 21:42:22,"29.88℃","73.56%",""
2023/06/22 21:52:22,"29.88℃","73.75%",""
2023/06/22 22:02:22,"29.88℃","73.94%",""
2023/06/22 22:12:22,"29.88℃","74.06%",""
2023/06/22 22:22:22,"29.88℃","74.25%",""
2023/06/22 22:32:22,"29.88℃","74.38%",""
2023/06/22 22:42:22,"29.81℃","74.69%",""
2023/06/22 22:52:22,"29.88℃","75.44%",""
2023/06/22 23:02:22,"29.94℃","75.69%",""
2023/06/22 23:12:22,"29.94℃","75.69%",""
2023/06/22 23:22:22,"29.88℃","75.06%",""
2023/06/22 23:32:22,"29.88℃","74.88%",""
2023/06/22 23:42:22,"29.88℃","76.06%",""
2023/06/22 23:52:22,"29.81℃","76.44%",""
2023/06/23 00:02:22,"29.81℃","76.56%",""
2023/06/23 00:12:22,"29.81℃","76.38%",""
2023/06/23 00:22:22,"29.81℃","76.44%",""
2023/06/23 00:32:22,"29.75℃","76.19%",""
2023/06/23 00:42:22,"29.75℃","76.38%",""
2023/06/23 00:52:22,"29.69℃","76.00%",""
2023/06/23 01:02:22,"29.63℃","75.81%",""
2023/06/23 01:12:22,"29.63℃","75.75%",""
2023/06/23 01:22:22,"29.56℃","75.75%",""
2023/06/23 01:32:22,"29.56℃","75.62%",""
2023/06/23 01:42:22,"29.56℃","76.12%",""
2023/06/23 01:52:22,"29.56℃","76.25%",""
2023/06/23 02:02:22,"29.50℃","76.19%",""
2023/06/23 02:12:22,"29.50℃","76.19%",""
2023/06/23 02:22:22,"29.44℃","76.19%",""
2023/06/23 02:32:22,"29.44℃","76.12%",""
2023/06/23 02:42:22,"29.38℃","76.19%",""
2023/06/23 02:52:22,"29.38℃","76.19%",""
2023/06/23 03:02:22,"29.38℃","76.06%",""
2023/06/23 03:12:22,"29.38℃","76.00%",""
2023/06/23 03:22:22,"29.31℃","75.88%",""
2023/06/23 03:32:22,"29.31℃","75.81%",""
2023/06/23 03:42:22,"29.25℃","75.69%",""
2023/06/23 03:52:22,"29.25℃","75.69%",""
2023/06/23 04:02:22,"29.25℃","75.69%",""
2023/06/23 04:12:22,"29.19℃","75.69%",""
2023/06/23 04:22:22,"29.19℃","75.62%",""
2023/06/23 04:32:22,"29.19℃","75.56%",""
2023/06/23 04:42:22,"29.19℃","75.62%",""
2023/06/23 04:52:22,"29.13℃","75.75%",""
2023/06/23 05:02:22,"29.13℃","75.88%",""
2023/06/23 05:12:22,"29.13℃","75.94%",""
2023/06/23 05:22:22,"29.13℃","76.12%",""
2023/06/23 05:32:22,"29.13℃","76.00%",""
2023/06/23 05:42:22,"29.06℃","76.06%",""
2023/06/23 05:52:22,"29.06℃","76.00%",""
2023/06/23 06:02:22,"29.06℃","75.94%",""
2023/06/23 06:12:22,"29.06℃","75.94%",""
2023/06/23 06:22:22,"29.00℃","75.94%",""
2023/06/23 06:32:22,"29.00℃","75.81%",""
2023/06/23 06:42:22,"29.00℃","75.81%",""
2023/06/23 06:52:22,"28.94℃","75.69%",""
2023/06/23 07:02:22,"28.94℃","75.56%",""
2023/06/23 07:12:22,"28.94℃","75.44%",""
2023/06/23 07:22:22,"28.94℃","75.44%",""
2023/06/23 07:32:22,"28.75℃","68.75%",""
2023/06/23 07:42:22,"28.75℃","68.75%",""
2023/06/23 07:52:22,"28.75℃","67.94%",""
2023/06/23 08:02:22,"28.75℃","66.06%",""
2023/06/23 08:12:22,"28.75℃","64.44%",""
2023/06/23 08:22:22,"28.81℃","62.81%",""
2023/06/23 08:32:22,"28.81℃","62.81%",""
2023/06/23 08:42:22,"28.81℃","63.31%",""
2023/06/23 08:52:22,"28.88℃","64.12%",""
2023/06/23 09:02:22,"28.88℃","65.31%",""
2023/06/23 09:12:22,"28.94℃","68.38%",""
2023/06/23 09:22:22,"29.00℃","72.19%",""
2023/06/23 09:32:22,"29.00℃","72.31%",""
2023/06/23 09:42:22,"29.06℃","74.06%",""
2023/06/23 09:52:22,"29.13℃","74.25%",""
2023/06/23 10:02:22,"29.06℃","67.81%",""
2023/06/23 10:12:22,"29.06℃","70.19%",""
2023/06/23 10:22:22,"29.13℃","72.25%",""
2023/06/23 10:32:22,"29.19℃","73.00%",""
2023/06/23 10:42:22,"29.25℃","73.31%",""
2023/06/23 10:52:22,"29.31℃","73.50%",""
2023/06/23 11:02:22,"29.38℃","73.62%",""
2023/06/23 11:12:22,"29.44℃","73.62%",""
2023/06/23 11:22:22,"29.56℃","73.38%",""
2023/06/23 11:32:22,"29.44℃","67.94%",""
2023/06/23 11:42:22,"29.19℃","65.00%",""
2023/06/23 11:52:22,"29.06℃","63.38%",""
2023/06/23 12:02:22,"29.00℃","64.81%",""
2023/06/23 12:12:22,"29.19℃","69.06%",""
2023/06/23 12:22:22,"29.38℃","70.62%",""
2023/06/23 12:32:22,"29.56℃","71.25%",""
2023/06/23 12:42:22,"29.69℃","71.88%",""
2023/06/23 12:52:22,"29.81℃","72.56%",""
2023/06/23 13:02:22,"29.88℃","71.75%",""
2023/06/23 13:12:22,"29.94℃","70.50%",""
2023/06/23 13:22:22,"30.00℃","70.44%",""
2023/06/23 13:32:22,"30.13℃","69.88%",""
2023/06/23 13:42:22,"30.31℃","68.62%",""
2023/06/23 13:52:22,"30.50℃","66.75%",""
2023/06/23 14:02:22,"30.56℃","66.94%",""
2023/06/23 14:12:22,"30.56℃","67.38%",""
2023/06/23 14:22:22,"30.63℃","68.25%",""
2023/06/23 14:32:22,"30.69℃","69.38%",""
2023/06/23 14:42:22,"30.63℃","69.44%",""
2023/06/23 14:52:22,"30.63℃","69.88%",""
2023/06/23 15:02:22,"30.31℃","65.25%",""
2023/06/23 15:12:22,"30.00℃","63.56%",""
2023/06/23 15:22:22,"29.63℃","61.81%",""
2023/06/23 15:32:22,"29.38℃","61.38%",""
2023/06/23 15:42:22,"29.50℃","65.62%",""
2023/06/23 15:52:22,"29.69℃","68.69%",""
2023/06/23 16:02:22,"29.75℃","70.19%",""
2023/06/23 16:12:22,"29.81℃","71.50%",""
2023/06/23 16:22:22,"29.88℃","72.12%",""
2023/06/23 16:32:22,"29.88℃","72.81%",""
2023/06/23 16:42:22,"29.88℃","73.06%",""
2023/06/23 16:52:22,"29.88℃","73.25%",""
2023/06/23 17:02:22,"29.88℃","73.25%",""
2023/06/23 17:12:22,"29.88℃","73.44%",""
2023/06/23 17:22:22,"29.81℃","73.62%",""
2023/06/23 17:32:22,"29.75℃","72.81%",""
2023/06/23 17:42:22,"29.69℃","72.88%",""
2023/06/23 17:52:22,"29.69℃","72.94%",""
2023/06/23 18:02:22,"29.69℃","73.12%",""
2023/06/23 18:12:22,"29.69℃","73.44%",""
2023/06/23 18:22:22,"29.69℃","73.62%",""
2023/06/23 18:32:22,"29.69℃","73.62%",""
2023/06/23 18:42:22,"29.69℃","73.50%",""
2023/06/23 18:52:22,"29.69℃","73.50%",""
2023/06/23 19:02:22,"29.69℃","73.44%",""
2023/06/23 19:12:22,"29.63℃","73.38%",""
2023/06/23 19:22:22,"29.63℃","73.06%",""
2023/06/23 19:32:22,"29.63℃","72.88%",""
2023/06/23 19:42:22,"29.56℃","73.31%",""
2023/06/23 19:52:22,"29.56℃","73.88%",""
2023/06/23 20:02:22,"29.56℃","74.06%",""
2023/06/23 20:12:22,"29.56℃","74.06%",""
2023/06/23 20:22:22,"29.56℃","73.88%",""
2023/06/23 20:32:22,"29.56℃","73.81%",""
2023/06/23 20:42:22,"29.56℃","73.81%",""
2023/06/23 20:52:22,"29.56℃","74.00%",""
2023/06/23 21:02:22,"29.50℃","74.12%",""
2023/06/23 21:12:22,"29.50℃","74.31%",""
2023/06/23 21:22:22,"29.50℃","74.50%",""
2023/06/23 21:32:22,"29.50℃","74.69%",""
2023/06/23 21:42:22,"29.50℃","74.88%",""
2023/06/23 21:52:22,"29.50℃","74.94%",""
2023/06/23 22:02:22,"29.50℃","74.94%",""
2023/06/23 22:12:22,"29.50℃","74.94%",""
2023/06/23 22:22:22,"29.50℃","75.00%",""
2023/06/23 22:32:22,"29.50℃","75.06%",""
2023/06/23 22:42:22,"29.44℃","75.06%",""
2023/06/23 22:52:22,"29.50℃","75.19%",""
2023/06/23 23:02:22,"29.50℃","75.25%",""
2023/06/23 23:12:22,"29.44℃","75.31%",""
2023/06/23 23:22:22,"29.44℃","75.38%",""
2023/06/23 23:32:22,"29.44℃","75.44%",""
2023/06/23 23:42:22,"29.44℃","75.50%",""
2023/06/23 23:52:22,"29.44℃","75.69%",""
2023/06/24 00:02:22,"29.44℃","75.75%",""
2023/06/24 00:12:22,"29.44℃","75.88%",""
2023/06/24 00:22:22,"29.44℃","75.94%",""
2023/06/24 00:32:22,"29.44℃","76.00%",""
2023/06/24 00:42:22,"29.44℃","76.00%",""
2023/06/24 00:52:22,"29.44℃","76.19%",""
2023/06/24 01:02:22,"29.44℃","76.25%",""
2023/06/24 01:12:22,"29.44℃","76.31%",""
2023/06/24 01:22:22,"29.44℃","76.12%",""
2023/06/24 01:32:22,"29.44℃","76.06%",""
2023/06/24 01:42:22,"29.44℃","75.94%",""
2023/06/24 01:52:22,"29.38℃","76.06%",""
2023/06/24 02:02:22,"29.38℃","76.12%",""
2023/06/24 02:12:22,"29.31℃","73.12%",""
2023/06/24 02:22:22,"29.25℃","72.25%",""
2023/06/24 02:32:22,"29.19℃","69.25%",""
2023/06/24 02:42:22,"29.19℃","67.19%",""
2023/06/24 02:52:22,"29.13℃","65.12%",""
2023/06/24 03:02:22,"29.13℃","64.06%",""
2023/06/24 03:12:22,"29.06℃","64.75%",""
2023/06/24 03:22:22,"29.06℃","65.56%",""
2023/06/24 03:32:22,"29.00℃","66.00%",""
2023/06/24 03:42:22,"28.94℃","69.31%",""
2023/06/24 03:52:22,"28.94℃","70.38%",""
2023/06/24 04:02:22,"28.94℃","71.25%",""
2023/06/24 04:12:22,"28.94℃","72.06%",""
2023/06/24 04:22:22,"28.94℃","73.00%",""
2023/06/24 04:32:22,"28.94℃","73.69%",""
2023/06/24 04:42:22,"28.94℃","74.19%",""
2023/06/24 04:52:22,"28.88℃","73.31%",""
2023/06/24 05:02:22,"28.81℃","73.38%",""
2023/06/24 05:12:22,"28.81℃","73.19%",""
2023/06/24 05:22:22,"28.75℃","72.25%",""
2023/06/24 05:32:22,"28.63℃","72.12%",""
2023/06/24 05:42:22,"28.56℃","71.56%",""
2023/06/24 05:52:22,"28.56℃","71.38%",""
2023/06/24 06:02:22,"28.50℃","71.19%",""
2023/06/24 06:12:22,"28.50℃","71.06%",""
2023/06/24 06:22:22,"28.50℃","71.06%",""
2023/06/24 06:32:22,"28.50℃","70.88%",""
2023/06/24 06:42:22,"28.50℃","70.81%",""
2023/06/24 06:52:22,"28.50℃","70.88%",""
2023/06/24 07:02:22,"28.50℃","70.94%",""
2023/06/24 07:12:22,"28.50℃","70.75%",""
2023/06/24 07:22:22,"28.50℃","70.81%",""
2023/06/24 07:32:22,"28.50℃","70.88%",""
2023/06/24 07:42:22,"28.50℃","70.88%",""
2023/06/24 07:52:22,"28.50℃","71.06%",""
2023/06/24 08:02:22,"28.50℃","71.00%",""
2023/06/24 08:12:22,"28.50℃","71.06%",""
2023/06/24 08:22:22,"28.56℃","71.19%",""
2023/06/24 08:32:22,"28.56℃","71.25%",""
2023/06/24 08:42:22,"28.63℃","71.25%",""
2023/06/24 08:52:22,"28.63℃","71.31%",""
2023/06/24 09:02:22,"28.69℃","71.44%",""
2023/06/24 09:12:22,"28.69℃","71.62%",""
2023/06/24 09:22:22,"28.75℃","71.62%",""
2023/06/24 09:32:22,"28.69℃","67.25%",""
2023/06/24 09:42:22,"28.75℃","66.81%",""
2023/06/24 09:52:22,"28.69℃","68.75%",""
2023/06/24 10:02:22,"28.75℃","69.75%",""
2023/06/24 10:12:22,"28.75℃","70.50%",""
2023/06/24 10:22:22,"28.75℃","71.00%",""
2023/06/24 10:32:22,"28.81℃","71.69%",""
2023/06/24 10:42:22,"28.88℃","72.25%",""
2023/06/24 10:52:22,"28.75℃","69.94%",""
2023/06/24 11:02:22,"28.88℃","71.19%",""
2023/06/24 11:12:22,"28.94℃","71.44%",""
2023/06/24 11:22:22,"29.00℃","71.56%",""
2023/06/24 11:32:22,"29.06℃","71.56%",""
2023/06/24 11:42:22,"29.13℃","71.69%",""
2023/06/24 11:52:22,"29.19℃","71.12%",""
2023/06/24 12:02:22,"29.25℃","70.88%",""
2023/06/24 12:12:22,"29.31℃","68.81%",""
2023/06/24 12:22:22,"29.13℃","63.44%",""
2023/06/24 12:32:22,"28.94℃","60.81%",""
2023/06/24 12:42:22,"28.81℃","59.75%",""
2023/06/24 12:52:22,"28.69℃","58.44%",""
2023/06/24 13:02:22,"28.75℃","59.94%",""
2023/06/24 13:12:22,"28.94℃","61.94%",""
2023/06/24 13:22:22,"29.00℃","63.75%",""
2023/06/24 13:32:22,"29.13℃","65.06%",""
2023/06/24 13:42:22,"29.19℃","64.81%",""
2023/06/24 13:52:22,"29.25℃","64.75%",""
2023/06/24 14:02:22,"29.38℃","64.62%",""
2023/06/24 14:12:22,"29.44℃","64.62%",""
2023/06/24 14:22:22,"29.56℃","66.38%",""
2023/06/24 14:32:22,"29.63℃","67.19%",""
2023/06/24 14:42:22,"29.69℃","67.94%",""
2023/06/24 14:52:22,"29.69℃","68.38%",""
2023/06/24 15:02:22,"29.69℃","68.62%",""
2023/06/24 15:12:22,"29.63℃","68.88%",""
2023/06/24 15:22:22,"29.63℃","68.88%",""
2023/06/24 15:32:22,"29.63℃","68.81%",""
2023/06/24 15:42:22,"29.56℃","68.69%",""
2023/06/24 15:52:22,"29.56℃","68.62%",""
2023/06/24 16:02:22,"29.56℃","68.50%",""
2023/06/24 16:12:22,"29.56℃","68.50%",""
2023/06/24 16:22:22,"29.50℃","68.38%",""
2023/06/24 16:32:22,"29.50℃","68.44%",""
2023/06/24 16:42:22,"29.50℃","68.44%",""
2023/06/24 16:52:22,"29.44℃","68.44%",""
2023/06/24 17:02:22,"29.44℃","68.44%",""
2023/06/24 17:12:22,"29.44℃","68.44%",""
2023/06/24 17:22:22,"29.44℃","68.75%",""
2023/06/24 17:32:22,"29.38℃","68.88%",""
2023/06/24 17:42:22,"29.38℃","68.94%",""
2023/06/24 17:52:22,"29.38℃","69.00%",""
2023/06/24 18:02:22,"29.31℃","69.19%",""
2023/06/24 18:12:22,"29.19℃","68.25%",""
2023/06/24 18:22:22,"29.19℃","69.25%",""
2023/06/24 18:32:22,"29.13℃","69.69%",""
2023/06/24 18:42:22,"29.13℃","69.88%",""
2023/06/24 18:52:22,"29.13℃","70.12%",""
2023/06/24 19:02:22,"29.13℃","70.44%",""
2023/06/24 19:12:22,"29.13℃","70.81%",""
2023/06/24 19:22:22,"29.13℃","71.31%",""
2023/06/24 19:32:22,"29.13℃","71.69%",""
2023/06/24 19:42:22,"29.13℃","71.88%",""
2023/06/24 19:52:22,"29.13℃","72.06%",""
2023/06/24 20:02:22,"29.13℃","72.31%",""
2023/06/24 20:12:22,"29.13℃","72.44%",""
2023/06/24 20:22:22,"29.13℃","72.44%",""
2023/06/24 20:32:22,"29.13℃","72.56%",""
2023/06/24 20:42:22,"29.13℃","72.31%",""
2023/06/24 20:52:22,"29.13℃","72.44%",""
2023/06/24 21:02:22,"29.06℃","73.19%",""
2023/06/24 21:12:22,"29.06℃","73.56%",""
2023/06/24 21:22:22,"29.06℃","73.50%",""
2023/06/24 21:32:22,"29.06℃","71.62%",""
2023/06/24 21:42:22,"29.00℃","70.00%",""
2023/06/24 21:52:22,"29.00℃","68.56%",""
2023/06/24 22:02:22,"28.94℃","66.88%",""
2023/06/24 22:12:22,"28.94℃","65.88%",""
2023/06/24 22:22:22,"28.94℃","65.31%",""
2023/06/24 22:32:22,"28.94℃","65.06%",""
2023/06/24 22:42:22,"28.94℃","64.56%",""
2023/06/24 22:52:22,"28.88℃","63.25%",""
2023/06/24 23:02:22,"28.88℃","62.12%",""
2023/06/24 23:12:22,"28.81℃","62.69%",""
2023/06/24 23:22:22,"28.75℃","61.44%",""
2023/06/24 23:32:22,"28.69℃","61.00%",""
2023/06/24 23:42:22,"28.75℃","61.38%",""
2023/06/24 23:52:22,"28.75℃","61.31%",""
2023/06/25 00:02:22,"28.75℃","60.88%",""
2023/06/25 00:12:22,"28.75℃","61.06%",""
2023/06/25 00:22:22,"28.75℃","60.25%",""
2023/06/25 00:32:22,"28.75℃","59.88%",""
2023/06/25 00:42:22,"28.69℃","58.94%",""
2023/06/25 00:52:22,"28.63℃","59.38%",""
2023/06/25 01:02:22,"28.69℃","60.25%",""
2023/06/25 01:12:22,"28.69℃","60.31%",""
2023/06/25 01:22:22,"28.63℃","60.50%",""
2023/06/25 01:32:22,"28.63℃","60.69%",""
2023/06/25 01:42:22,"28.63℃","61.06%",""
2023/06/25 01:52:22,"28.63℃","61.31%",""
2023/06/25 02:02:22,"28.63℃","61.25%",""
2023/06/25 02:12:22,"28.56℃","61.62%",""
2023/06/25 02:22:22,"28.56℃","61.88%",""
2023/06/25 02:32:22,"28.44℃","60.25%",""
2023/06/25 02:42:22,"28.50℃","62.19%",""
2023/06/25 02:52:22,"28.50℃","64.62%",""
2023/06/25 03:02:22,"28.50℃","66.75%",""
2023/06/25 03:12:22,"28.50℃","68.75%",""
2023/06/25 03:22:22,"28.50℃","69.56%",""
2023/06/25 03:32:22,"28.50℃","70.38%",""
2023/06/25 03:42:22,"28.50℃","70.69%",""
2023/06/25 03:52:22,"28.44℃","71.19%",""
2023/06/25 04:02:22,"28.44℃","71.56%",""
2023/06/25 04:12:22,"28.44℃","71.94%",""
2023/06/25 04:22:22,"28.38℃","72.12%",""
2023/06/25 04:32:22,"28.38℃","72.38%",""
2023/06/25 04:42:22,"28.38℃","72.69%",""
2023/06/25 04:52:22,"28.38℃","72.56%",""
2023/06/25 05:02:22,"28.31℃","72.50%",""
2023/06/25 05:12:22,"28.31℃","72.50%",""
2023/06/25 05:22:22,"28.31℃","72.44%",""
2023/06/25 05:32:22,"28.31℃","72.44%",""
2023/06/25 05:42:22,"28.25℃","72.56%",""
2023/06/25 05:52:22,"28.25℃","72.56%",""
2023/06/25 06:02:22,"28.25℃","72.88%",""
2023/06/25 06:12:22,"28.25℃","73.06%",""
2023/06/25 06:22:22,"28.25℃","73.19%",""
2023/06/25 06:32:22,"28.25℃","73.12%",""
2023/06/25 06:42:22,"28.19℃","73.06%",""
2023/06/25 06:52:22,"28.19℃","73.19%",""
2023/06/25 07:02:22,"28.19℃","73.38%",""
2023/06/25 07:12:22,"28.19℃","73.50%",""
2023/06/25 07:22:22,"28.13℃","73.50%",""
2023/06/25 07:32:22,"28.13℃","73.25%",""
2023/06/25 07:42:22,"28.13℃","73.19%",""
2023/06/25 07:52:22,"28.19℃","73.31%",""
2023/06/25 08:02:22,"28.19℃","73.12%",""
2023/06/25 08:12:22,"28.19℃","72.94%",""
2023/06/25 08:22:22,"28.25℃","72.88%",""
2023/06/25 08:32:22,"28.25℃","72.75%",""
2023/06/25 08:42:22,"28.25℃","72.94%",""
2023/06/25 08:52:22,"28.25℃","72.81%",""
2023/06/25 09:02:22,"28.25℃","72.81%",""
2023/06/25 09:12:22,"28.31℃","72.94%",""
2023/06/25 09:22:22,"28.31℃","72.94%",""
2023/06/25 09:32:22,"28.38℃","72.88%",""
2023/06/25 09:42:22,"28.31℃","69.38%",""
2023/06/25 09:52:22,"28.31℃","67.19%",""
2023/06/25 10:02:22,"28.44℃","72.12%",""
2023/06/25 10:12:22,"28.44℃","71.50%",""
2023/06/25 10:22:22,"28.44℃","71.50%",""
2023/06/25 10:32:22,"28.44℃","69.94%",""
2023/06/25 10:42:22,"28.44℃","71.81%",""
2023/06/25 10:52:22,"28.50℃","72.69%",""
2023/06/25 11:02:22,"28.56℃","73.31%",""
2023/06/25 11:12:22,"28.56℃","68.88%",""
2023/06/25 11:22:22,"28.13℃","66.38%",""
2023/06/25 11:32:22,"27.69℃","64.38%",""
2023/06/25 11:42:22,"27.44℃","64.88%",""
2023/06/25 11:52:22,"27.25℃","64.25%",""
2023/06/25 12:02:22,"27.50℃","66.44%",""
2023/06/25 12:12:22,"27.81℃","70.56%",""
2023/06/25 12:22:22,"28.06℃","68.62%",""
2023/06/25 12:32:22,"27.50℃","61.19%",""
2023/06/25 12:42:22,"27.25℃","60.19%",""
2023/06/25 12:52:22,"27.38℃","59.31%",""
2023/06/25 13:02:22,"27.44℃","58.81%",""
2023/06/25 13:12:22,"27.56℃","58.62%",""
2023/06/25 13:22:22,"27.94℃","63.69%",""
2023/06/25 13:32:22,"28.25℃","64.94%",""
2023/06/25 13:42:22,"28.50℃","66.06%",""
2023/06/25 13:52:22,"28.75℃","66.56%",""
2023/06/25 14:02:22,"28.94℃","65.75%",""
2023/06/25 14:12:22,"29.13℃","65.62%",""
2023/06/25 14:22:22,"29.31℃","65.44%",""
2023/06/25 14:32:22,"29.44℃","65.31%",""
2023/06/25 14:42:22,"29.69℃","65.62%",""
2023/06/25 14:52:22,"29.88℃","65.94%",""
2023/06/25 15:02:22,"29.94℃","63.00%",""
2023/06/25 15:12:22,"30.06℃","64.50%",""
2023/06/25 15:22:22,"30.19℃","64.19%",""
2023/06/25 15:32:22,"30.25℃","64.31%",""
2023/06/25 15:42:22,"30.31℃","64.69%",""
2023/06/25 15:52:22,"30.38℃","64.31%",""
2023/06/25 16:02:22,"30.50℃","64.06%",""
2023/06/25 16:12:22,"30.38℃","59.19%",""
2023/06/25 16:22:22,"30.19℃","58.19%",""
2023/06/25 16:32:22,"30.25℃","59.19%",""
2023/06/25 16:42:22,"30.25℃","59.75%",""
2023/06/25 16:52:22,"29.88℃","59.25%",""
2023/06/25 17:02:22,"29.75℃","62.19%",""
2023/06/25 17:12:22,"29.63℃","63.50%",""
2023/06/25 17:22:22,"29.63℃","64.50%",""
2023/06/25 17:32:22,"29.56℃","64.50%",""
2023/06/25 17:42:22,"29.50℃","64.50%",""
2023/06/25 17:52:22,"29.44℃","64.81%",""
2023/06/25 18:02:22,"29.44℃","65.06%",""
2023/06/25 18:12:22,"29.44℃","65.38%",""
2023/06/25 18:22:22,"29.38℃","65.62%",""
2023/06/25 18:32:22,"29.38℃","65.75%",""
2023/06/25 18:42:22,"29.38℃","66.06%",""
2023/06/25 18:52:22,"29.31℃","66.06%",""
2023/06/25 19:02:22,"29.31℃","66.25%",""
2023/06/25 19:12:22,"29.31℃","66.38%",""
2023/06/25 19:22:22,"29.25℃","66.69%",""
2023/06/25 19:32:22,"29.25℃","66.94%",""
2023/06/25 19:42:22,"29.25℃","66.94%",""
2023/06/25 19:52:22,"29.25℃","67.25%",""
2023/06/25 20:02:22,"29.19℃","67.44%",""
2023/06/25 20:12:22,"29.19℃","67.62%",""
2023/06/25 20:22:22,"29.19℃","67.69%",""
2023/06/25 20:32:22,"29.19℃","67.75%",""
2023/06/25 20:42:22,"29.19℃","68.12%",""
2023/06/25 20:52:22,"29.19℃","68.50%",""
2023/06/25 21:02:22,"29.19℃","69.00%",""
2023/06/25 21:12:22,"29.19℃","69.44%",""
2023/06/25 21:22:22,"29.19℃","69.56%",""
2023/06/25 21:32:22,"29.19℃","68.44%",""
2023/06/25 21:42:22,"29.13℃","67.12%",""
2023/06/25 21:52:22,"29.13℃","67.94%",""
2023/06/25 22:02:22,"29.13℃","68.81%",""
2023/06/25 22:12:22,"29.13℃","69.94%",""
2023/06/25 22:22:22,"29.13℃","70.56%",""
2023/06/25 22:32:22,"29.13℃","71.00%",""
2023/06/25 22:42:22,"29.13℃","71.31%",""
2023/06/25 22:52:22,"29.06℃","71.19%",""
2023/06/25 23:02:22,"29.06℃","71.19%",""
2023/06/25 23:12:22,"29.06℃","71.38%",""
2023/06/25 23:22:22,"29.00℃","71.69%",""
2023/06/25 23:32:22,"29.00℃","72.12%",""
2023/06/25 23:42:22,"28.94℃","68.00%",""
2023/06/25 23:52:22,"28.94℃","69.75%",""
2023/06/26 00:02:22,"28.94℃","69.94%",""
2023/06/26 00:12:22,"28.94℃","72.25%",""
2023/06/26 00:22:22,"28.94℃","72.81%",""
2023/06/26 00:32:22,"28.88℃","70.06%",""
2023/06/26 00:42:22,"28.81℃","66.38%",""
2023/06/26 00:52:22,"28.75℃","67.44%",""
2023/06/26 01:02:22,"28.81℃","71.50%",""
2023/06/26 01:12:22,"28.81℃","72.44%",""
2023/06/26 01:22:22,"28.81℃","72.88%",""
2023/06/26 01:32:22,"28.81℃","73.19%",""
2023/06/26 01:42:22,"28.75℃","73.25%",""
2023/06/26 01:52:22,"28.75℃","73.19%",""
2023/06/26 02:02:22,"28.75℃","73.25%",""
2023/06/26 02:12:22,"28.69℃","73.12%",""
2023/06/26 02:22:22,"28.69℃","73.00%",""
2023/06/26 02:32:22,"28.63℃","72.88%",""
2023/06/26 02:42:22,"28.63℃","73.06%",""
2023/06/26 02:52:22,"28.63℃","73.19%",""
2023/06/26 03:02:22,"28.63℃","73.19%",""
2023/06/26 03:12:22,"28.56℃","73.44%",""
2023/06/26 03:22:22,"28.56℃","73.62%",""
2023/06/26 03:32:22,"28.56℃","73.62%",""
2023/06/26 03:42:22,"28.50℃","73.62%",""
2023/06/26 03:52:22,"28.50℃","73.81%",""
2023/06/26 04:02:22,"28.50℃","73.69%",""
2023/06/26 04:12:22,"28.50℃","73.81%",""
2023/06/26 04:22:22,"28.44℃","74.00%",""
2023/06/26 04:32:22,"28.44℃","74.00%",""
2023/06/26 04:42:22,"28.44℃","73.81%",""
2023/06/26 04:52:22,"28.38℃","73.50%",""
2023/06/26 05:02:22,"28.38℃","73.19%",""
2023/06/26 05:12:22,"28.38℃","72.94%",""
2023/06/26 05:22:22,"28.31℃","72.62%",""
2023/06/26 05:32:22,"28.31℃","72.38%",""
2023/06/26 05:42:22,"28.25℃","70.44%",""
2023/06/26 05:52:22,"28.13℃","65.88%",""
2023/06/26 06:02:22,"28.13℃","68.00%",""
2023/06/26 06:12:22,"28.13℃","71.00%",""
2023/06/26 06:22:22,"28.00℃","65.88%",""
2023/06/26 06:32:22,"27.94℃","68.31%",""
2023/06/26 06:42:22,"27.88℃","69.38%",""
2023/06/26 06:52:22,"27.81℃","69.88%",""
2023/06/26 07:02:22,"27.75℃","70.56%",""
2023/06/26 07:12:22,"27.75℃","70.50%",""
2023/06/26 07:22:22,"27.75℃","70.56%",""
2023/06/26 07:32:22,"27.69℃","70.50%",""
2023/06/26 07:42:22,"27.69℃","70.38%",""
2023/06/26 07:52:22,"27.69℃","69.62%",""
2023/06/26 08:02:22,"27.69℃","68.81%",""
2023/06/26 08:12:22,"27.69℃","68.81%",""
2023/06/26 08:22:22,"27.69℃","68.50%",""
2023/06/26 08:32:22,"27.69℃","67.75%",""
2023/06/26 08:42:22,"27.69℃","67.44%",""
2023/06/26 08:52:22,"27.75℃","67.50%",""
2023/06/26 09:02:22,"27.75℃","66.94%",""
2023/06/26 09:12:22,"27.75℃","66.88%",""
2023/06/26 09:22:22,"27.75℃","67.12%",""
2023/06/26 09:32:22,"27.81℃","66.94%",""
2023/06/26 09:42:22,"27.81℃","67.12%",""
2023/06/26 09:52:22,"27.88℃","67.31%",""
2023/06/26 10:02:22,"27.88℃","67.50%",""
2023/06/26 10:12:22,"27.94℃","67.69%",""
2023/06/26 10:22:22,"28.00℃","68.12%",""
2023/06/26 10:32:22,"28.06℃","70.25%",""
2023/06/26 10:42:22,"28.13℃","71.44%",""
2023/06/26 10:52:22,"28.25℃","72.56%",""
2023/06/26 11:02:22,"28.31℃","72.81%",""
2023/06/26 11:12:22,"28.44℃","72.56%",""
2023/06/26 11:22:22,"28.50℃","72.25%",""
2023/06/26 11:32:22,"28.56℃","72.31%",""
2023/06/26 11:42:22,"28.63℃","72.31%",""
2023/06/26 11:52:22,"28.63℃","72.00%",""
2023/06/26 12:02:22,"28.69℃","71.38%",""
2023/06/26 12:12:22,"28.81℃","71.00%",""
2023/06/26 12:22:22,"28.88℃","70.94%",""
2023/06/26 12:32:22,"28.94℃","71.12%",""
2023/06/26 12:42:22,"29.06℃","71.19%",""
2023/06/26 12:52:22,"29.25℃","71.62%",""
2023/06/26 13:02:22,"29.38℃","71.19%",""
2023/06/26 13:12:22,"29.44℃","70.00%",""
2023/06/26 13:22:22,"29.44℃","69.62%",""
2023/06/26 13:32:22,"29.38℃","69.62%",""
2023/06/26 13:42:22,"29.38℃","69.81%",""
2023/06/26 13:52:22,"29.38℃","69.94%",""
2023/06/26 14:02:22,"29.38℃","69.94%",""
2023/06/26 14:12:22,"29.38℃","69.81%",""
2023/06/26 14:22:22,"29.38℃","69.44%",""
2023/06/26 14:32:22,"29.38℃","69.06%",""
2023/06/26 14:42:22,"29.38℃","68.88%",""
2023/06/26 14:52:22,"29.44℃","68.88%",""
2023/06/26 15:02:22,"29.44℃","68.94%",""
2023/06/26 15:12:22,"29.56℃","68.88%",""
2023/06/26 15:22:22,"29.63℃","68.88%",""
2023/06/26 15:32:22,"29.69℃","68.75%",""
2023/06/26 15:42:22,"29.81℃","68.44%",""
2023/06/26 15:52:22,"29.88℃","68.06%",""
2023/06/26 16:02:22,"29.94℃","68.12%",""
2023/06/26 16:12:22,"30.00℃","68.00%",""
2023/06/26 16:22:22,"30.06℃","67.81%",""
2023/06/26 16:32:22,"30.06℃","67.62%",""
2023/06/26 16:42:22,"30.00℃","67.56%",""
2023/06/26 16:52:22,"29.94℃","67.56%",""
2023/06/26 17:02:22,"29.94℃","67.31%",""
2023/06/26 17:12:22,"29.88℃","67.38%",""
2023/06/26 17:22:22,"29.81℃","67.50%",""
2023/06/26 17:32:22,"29.81℃","67.75%",""
2023/06/26 17:42:22,"29.75℃","67.88%",""
2023/06/26 17:52:22,"29.69℃","68.06%",""
2023/06/26 18:02:22,"29.63℃","68.19%",""
2023/06/26 18:12:22,"29.63℃","68.25%",""
2023/06/26 18:22:22,"29.56℃","68.31%",""
2023/06/26 18:32:22,"29.50℃","68.44%",""
2023/06/26 18:42:22,"29.50℃","68.62%",""
2023/06/26 18:52:22,"29.44℃","68.81%",""
2023/06/26 19:02:22,"29.44℃","69.00%",""
2023/06/26 19:12:22,"29.38℃","69.25%",""
2023/06/26 19:22:22,"29.31℃","69.44%",""
2023/06/26 19:32:22,"29.31℃","69.56%",""
2023/06/26 19:42:22,"29.25℃","69.69%",""
2023/06/26 19:52:22,"29.19℃","69.81%",""
2023/06/26 20:02:22,"29.19℃","70.31%",""
2023/06/26 20:12:22,"29.25℃","70.69%",""
2023/06/26 20:22:22,"29.25℃","70.75%",""
2023/06/26 20:32:22,"29.19℃","70.69%",""
2023/06/26 20:42:22,"29.13℃","70.62%",""
2023/06/26 20:52:22,"29.13℃","69.81%",""
2023/06/26 21:02:22,"29.06℃","69.12%",""
2023/06/26 21:12:22,"29.06℃","69.75%",""
2023/06/26 21:22:22,"29.00℃","70.31%",""
2023/06/26 21:32:22,"29.00℃","70.56%",""
2023/06/26 21:42:22,"29.00℃","71.06%",""
2023/06/26 21:52:22,"29.00℃","72.06%",""
2023/06/26 22:02:22,"28.94℃","72.19%",""
2023/06/26 22:12:22,"28.94℃","71.94%",""
2023/06/26 22:22:22,"28.88℃","71.56%",""
2023/06/26 22:32:22,"28.81℃","69.31%",""
2023/06/26 22:42:22,"28.81℃","70.25%",""
2023/06/26 22:52:22,"28.81℃","70.75%",""
2023/06/26 23:02:22,"28.75℃","71.00%",""
2023/06/26 23:12:22,"28.75℃","71.06%",""
2023/06/26 23:22:22,"28.75℃","70.94%",""
2023/06/26 23:32:22,"28.75℃","71.00%",""
2023/06/26 23:42:22,"28.69℃","70.88%",""
2023/06/26 23:52:22,"28.63℃","70.94%",""
2023/06/27 00:02:22,"28.63℃","70.94%",""
2023/06/27 00:12:22,"28.63℃","71.12%",""
2023/06/27 00:22:22,"28.56℃","68.75%",""
2023/06/27 00:32:22,"28.56℃","71.12%",""
2023/06/27 00:42:22,"28.56℃","71.69%",""
2023/06/27 00:52:22,"28.56℃","72.19%",""
2023/06/27 01:02:22,"28.56℃","72.62%",""
2023/06/27 01:12:22,"28.50℃","72.81%",""
2023/06/27 01:22:22,"28.50℃","73.00%",""
2023/06/27 01:32:22,"28.50℃","73.19%",""
2023/06/27 01:42:22,"28.50℃","73.19%",""
2023/06/27 01:52:22,"28.44℃","73.12%",""
2023/06/27 02:02:22,"28.44℃","73.12%",""
2023/06/27 02:12:22,"28.44℃","73.25%",""
2023/06/27 02:22:22,"28.38℃","73.50%",""
2023/06/27 02:32:22,"28.38℃","73.75%",""
2023/06/27 02:42:22,"28.38℃","73.81%",""
2023/06/27 02:52:22,"28.31℃","73.94%",""
2023/06/27 03:02:22,"28.31℃","73.88%",""
2023/06/27 03:12:22,"28.31℃","73.88%",""
2023/06/27 03:22:22,"28.31℃","74.06%",""
2023/06/27 03:32:22,"28.25℃","74.12%",""
2023/06/27 03:42:22,"28.25℃","74.12%",""
2023/06/27 03:52:22,"28.25℃","74.00%",""
2023/06/27 04:02:22,"28.25℃","74.12%",""
2023/06/27 04:12:22,"28.19℃","74.06%",""
2023/06/27 04:22:22,"28.19℃","74.06%",""
2023/06/27 04:32:22,"28.19℃","74.06%",""
2023/06/27 04:42:22,"28.19℃","74.06%",""
2023/06/27 04:52:22,"28.13℃","74.25%",""
2023/06/27 05:02:22,"28.13℃","74.69%",""
2023/06/27 05:12:22,"28.13℃","75.00%",""
2023/06/27 05:22:22,"28.13℃","74.88%",""
2023/06/27 05:32:22,"28.13℃","74.88%",""
2023/06/27 05:42:22,"28.06℃","72.12%",""
2023/06/27 05:52:22,"27.88℃","66.94%",""
2023/06/27 06:02:22,"27.88℃","62.81%",""
2023/06/27 06:12:22,"27.81℃","61.56%",""
2023/06/27 06:22:22,"27.81℃","61.62%",""
2023/06/27 06:32:22,"27.75℃","64.62%",""
2023/06/27 06:42:22,"27.75℃","66.94%",""
2023/06/27 06:52:22,"27.75℃","68.94%",""
2023/06/27 07:02:22,"27.75℃","70.06%",""
2023/06/27 07:12:22,"27.81℃","71.00%",""
2023/06/27 07:22:22,"27.81℃","71.50%",""
2023/06/27 07:32:22,"27.75℃","69.19%",""
2023/06/27 07:42:22,"27.75℃","67.44%",""
2023/06/27 07:52:22,"27.81℃","69.69%",""
2023/06/27 08:02:22,"27.81℃","70.25%",""
2023/06/27 08:12:22,"27.88℃","72.25%",""
2023/06/27 08:22:22,"27.88℃","74.00%",""
2023/06/27 08:32:22,"27.88℃","74.00%",""
2023/06/27 08:42:22,"27.88℃","75.25%",""
2023/06/27 08:52:22,"27.94℃","78.19%",""
2023/06/27 09:02:22,"27.75℃","78.06%",""
2023/06/27 09:12:22,"27.44℃","77.94%",""
2023/06/27 09:22:22,"27.50℃","78.19%",""
2023/06/27 09:32:22,"27.63℃","78.56%",""
2023/06/27 09:42:22,"27.56℃","78.88%",""
2023/06/27 09:52:22,"27.38℃","81.12%",""
2023/06/27 10:02:22,"27.06℃","81.12%",""
2023/06/27 10:12:22,"26.75℃","80.44%",""
2023/06/27 10:22:22,"26.94℃","80.69%",""
2023/06/27 10:32:22,"27.13℃","78.94%",""
2023/06/27 10:42:22,"27.31℃","78.00%",""
2023/06/27 10:52:22,"27.44℃","77.69%",""
2023/06/27 11:02:22,"27.50℃","77.19%",""
2023/06/27 11:12:22,"27.56℃","77.00%",""
2023/06/27 11:22:22,"27.56℃","76.81%",""
2023/06/27 11:32:22,"27.44℃","76.38%",""
2023/06/27 11:42:22,"27.44℃","77.00%",""
2023/06/27 11:52:22,"27.63℃","77.50%",""
2023/06/27 12:02:22,"27.69℃","77.00%",""
2023/06/27 12:12:22,"27.75℃","77.44%",""
2023/06/27 12:22:22,"27.88℃","79.12%",""
2023/06/27 12:32:22,"27.94℃","78.19%",""
2023/06/27 12:42:22,"28.06℃","78.00%",""
2023/06/27 12:52:22,"28.25℃","76.69%",""
2023/06/27 13:02:22,"28.38℃","76.31%",""
2023/06/27 13:12:22,"28.50℃","76.12%",""
2023/06/27 13:22:22,"28.56℃","75.44%",""
2023/06/27 13:32:22,"28.75℃","74.25%",""
2023/06/27 13:42:22,"28.88℃","72.94%",""
2023/06/27 13:52:22,"28.94℃","73.06%",""
2023/06/27 14:02:22,"28.94℃","73.19%",""
2023/06/27 14:12:22,"28.88℃","73.62%",""
2023/06/27 14:22:22,"28.88℃","73.62%",""
2023/06/27 14:32:22,"28.94℃","73.12%",""
2023/06/27 14:42:22,"29.06℃","72.88%",""
2023/06/27 14:52:22,"29.19℃","71.75%",""
2023/06/27 15:02:22,"29.19℃","72.25%",""
2023/06/27 15:12:22,"29.19℃","72.69%",""
2023/06/27 15:22:22,"29.19℃","72.44%",""
2023/06/27 15:32:22,"29.25℃","72.25%",""
2023/06/27 15:42:22,"29.38℃","71.44%",""
2023/06/27 15:52:22,"29.50℃","70.81%",""
